[{"model": "admin.logentry", "pk": 1, "fields": {"action_time": "2022-03-18T15:06:55.615Z", "user": 1, "content_type": 7, "object_id": "1", "object_repr": "favbooks-v3-herokuapp.com", "action_flag": 2, "change_message": "[{\"changed\": {\"fields\": [\"Domain name\", \"Display name\"]}}]"}}, {"model": "admin.logentry", "pk": 2, "fields": {"action_time": "2022-03-18T15:07:28.972Z", "user": 1, "content_type": 8, "object_id": "1", "object_repr": "ana.genover@gmail.com", "action_flag": 1, "change_message": "[{\"added\": {}}]"}}, {"model": "admin.logentry", "pk": 3, "fields": {"action_time": "2022-03-18T15:08:08.546Z", "user": 1, "content_type": 4, "object_id": "1", "object_repr": "favbooks-v3", "action_flag": 2, "change_message": "[{\"changed\": {\"fields\": [\"Email address\"]}}]"}}, {"model": "admin.logentry", "pk": 4, "fields": {"action_time": "2022-04-01T11:33:44.128Z", "user": 1, "content_type": 13, "object_id": "1", "object_repr": "Book object (1)", "action_flag": 1, "change_message": "[{\"added\": {}}]"}}, {"model": "admin.logentry", "pk": 5, "fields": {"action_time": "2022-04-02T08:38:12.171Z", "user": 1, "content_type": 13, "object_id": "1", "object_repr": "Book object (1)", "action_flag": 3, "change_message": ""}}, {"model": "admin.logentry", "pk": 6, "fields": {"action_time": "2022-04-02T08:41:57.118Z", "user": 1, "content_type": 13, "object_id": "2", "object_repr": "Book object (2)", "action_flag": 1, "change_message": "[{\"added\": {}}]"}}, {"model": "admin.logentry", "pk": 7, "fields": {"action_time": "2022-04-02T08:44:05.253Z", "user": 1, "content_type": 13, "object_id": "3", "object_repr": "Book object (3)", "action_flag": 1, "change_message": "[{\"added\": {}}]"}}, {"model": "admin.logentry", "pk": 8, "fields": {"action_time": "2022-04-03T08:30:26.793Z", "user": 1, "content_type": 13, "object_id": "3", "object_repr": "Book object (3)", "action_flag": 2, "change_message": "[{\"changed\": {\"fields\": [\"Sku\"]}}]"}}, {"model": "admin.logentry", "pk": 9, "fields": {"action_time": "2022-04-03T08:30:42.223Z", "user": 1, "content_type": 13, "object_id": "2", "object_repr": "Book object (2)", "action_flag": 2, "change_message": "[{\"changed\": {\"fields\": [\"Sku\"]}}]"}}, {"model": "admin.logentry", "pk": 10, "fields": {"action_time": "2022-04-03T08:37:59.896Z", "user": 1, "content_type": 13, "object_id": "3", "object_repr": "Book object (3)", "action_flag": 2, "change_message": "[{\"changed\": {\"fields\": [\"Book type1\", \"Book type2\", \"Book type3\"]}}]"}}, {"model": "admin.logentry", "pk": 11, "fields": {"action_time": "2022-04-03T08:38:14.844Z", "user": 1, "content_type": 13, "object_id": "2", "object_repr": "Book object (2)", "action_flag": 2, "change_message": "[{\"changed\": {\"fields\": [\"Book type1\", \"Book type2\", \"Book type3\"]}}]"}}, {"model": "admin.logentry", "pk": 12, "fields": {"action_time": "2022-04-03T08:38:28.426Z", "user": 1, "content_type": 13, "object_id": "3", "object_repr": "Book object (3)", "action_flag": 2, "change_message": "[]"}}, {"model": "admin.logentry", "pk": 13, "fields": {"action_time": "2022-04-03T08:43:49.154Z", "user": 1, "content_type": 13, "object_id": "4", "object_repr": "Book object (4)", "action_flag": 1, "change_message": "[{\"added\": {}}]"}}, {"model": "admin.logentry", "pk": 14, "fields": {"action_time": "2022-04-03T08:48:12.227Z", "user": 1, "content_type": 13, "object_id": "5", "object_repr": "Book object (5)", "action_flag": 1, "change_message": "[{\"added\": {}}]"}}, {"model": "admin.logentry", "pk": 15, "fields": {"action_time": "2022-04-03T08:50:11.963Z", "user": 1, "content_type": 13, "object_id": "6", "object_repr": "Book object (6)", "action_flag": 1, "change_message": "[{\"added\": {}}]"}}, {"model": "admin.logentry", "pk": 16, "fields": {"action_time": "2022-04-03T08:53:51.162Z", "user": 1, "content_type": 13, "object_id": "7", "object_repr": "Book object (7)", "action_flag": 1, "change_message": "[{\"added\": {}}]"}}, {"model": "admin.logentry", "pk": 17, "fields": {"action_time": "2022-04-03T08:54:37.354Z", "user": 1, "content_type": 13, "object_id": "7", "object_repr": "Book object (7)", "action_flag": 2, "change_message": "[{\"changed\": {\"fields\": [\"Sku\"]}}]"}}, {"model": "admin.logentry", "pk": 18, "fields": {"action_time": "2022-04-03T08:54:53.051Z", "user": 1, "content_type": 13, "object_id": "7", "object_repr": "Book object (7)", "action_flag": 2, "change_message": "[]"}}, {"model": "admin.logentry", "pk": 19, "fields": {"action_time": "2022-04-03T08:57:45.318Z", "user": 1, "content_type": 13, "object_id": "8", "object_repr": "Book object (8)", "action_flag": 1, "change_message": "[{\"added\": {}}]"}}, {"model": "admin.logentry", "pk": 20, "fields": {"action_time": "2022-04-03T09:00:09.256Z", "user": 1, "content_type": 13, "object_id": "9", "object_repr": "Book object (9)", "action_flag": 1, "change_message": "[{\"added\": {}}]"}}, {"model": "admin.logentry", "pk": 21, "fields": {"action_time": "2022-04-03T09:02:27.841Z", "user": 1, "content_type": 13, "object_id": "10", "object_repr": "Book object (10)", "action_flag": 1, "change_message": "[{\"added\": {}}]"}}, {"model": "admin.logentry", "pk": 22, "fields": {"action_time": "2022-04-03T09:02:39.584Z", "user": 1, "content_type": 13, "object_id": "10", "object_repr": "Book object (10)", "action_flag": 2, "change_message": "[]"}}, {"model": "admin.logentry", "pk": 23, "fields": {"action_time": "2022-04-03T09:07:36.722Z", "user": 1, "content_type": 13, "object_id": "11", "object_repr": "Book object (11)", "action_flag": 1, "change_message": "[{\"added\": {}}]"}}, {"model": "admin.logentry", "pk": 24, "fields": {"action_time": "2022-04-03T09:13:08.897Z", "user": 1, "content_type": 13, "object_id": "12", "object_repr": "Book object (12)", "action_flag": 1, "change_message": "[{\"added\": {}}]"}}, {"model": "admin.logentry", "pk": 25, "fields": {"action_time": "2022-04-03T09:15:34.361Z", "user": 1, "content_type": 13, "object_id": "13", "object_repr": "Book object (13)", "action_flag": 1, "change_message": "[{\"added\": {}}]"}}, {"model": "admin.logentry", "pk": 26, "fields": {"action_time": "2022-04-03T09:15:52.808Z", "user": 1, "content_type": 13, "object_id": "13", "object_repr": "Book object (13)", "action_flag": 2, "change_message": "[]"}}, {"model": "admin.logentry", "pk": 27, "fields": {"action_time": "2022-04-03T09:19:48.622Z", "user": 1, "content_type": 13, "object_id": "14", "object_repr": "Book object (14)", "action_flag": 1, "change_message": "[{\"added\": {}}]"}}, {"model": "admin.logentry", "pk": 28, "fields": {"action_time": "2022-04-03T09:20:01.071Z", "user": 1, "content_type": 13, "object_id": "13", "object_repr": "Book object (13)", "action_flag": 2, "change_message": "[]"}}, {"model": "admin.logentry", "pk": 29, "fields": {"action_time": "2022-04-03T09:20:16.951Z", "user": 1, "content_type": 13, "object_id": "12", "object_repr": "Book object (12)", "action_flag": 2, "change_message": "[{\"changed\": {\"fields\": [\"Cover\"]}}]"}}, {"model": "admin.logentry", "pk": 30, "fields": {"action_time": "2022-04-03T09:20:30.672Z", "user": 1, "content_type": 13, "object_id": "11", "object_repr": "Book object (11)", "action_flag": 2, "change_message": "[]"}}, {"model": "admin.logentry", "pk": 31, "fields": {"action_time": "2022-04-03T09:22:07.758Z", "user": 1, "content_type": 13, "object_id": "12", "object_repr": "Book object (12)", "action_flag": 2, "change_message": "[]"}}, {"model": "admin.logentry", "pk": 32, "fields": {"action_time": "2022-04-03T09:38:19.155Z", "user": 1, "content_type": 13, "object_id": "13", "object_repr": "Book object (13)", "action_flag": 2, "change_message": "[]"}}, {"model": "admin.logentry", "pk": 33, "fields": {"action_time": "2022-04-03T09:50:31.482Z", "user": 1, "content_type": 13, "object_id": "12", "object_repr": "Book object (12)", "action_flag": 2, "change_message": "[]"}}, {"model": "admin.logentry", "pk": 34, "fields": {"action_time": "2022-04-03T09:52:55.623Z", "user": 1, "content_type": 13, "object_id": "15", "object_repr": "Book object (15)", "action_flag": 1, "change_message": "[{\"added\": {}}]"}}, {"model": "admin.logentry", "pk": 35, "fields": {"action_time": "2022-04-03T09:55:36.540Z", "user": 1, "content_type": 13, "object_id": "16", "object_repr": "Book object (16)", "action_flag": 1, "change_message": "[{\"added\": {}}]"}}, {"model": "admin.logentry", "pk": 36, "fields": {"action_time": "2022-04-03T09:57:50.080Z", "user": 1, "content_type": 13, "object_id": "17", "object_repr": "Book object (17)", "action_flag": 1, "change_message": "[{\"added\": {}}]"}}, {"model": "admin.logentry", "pk": 37, "fields": {"action_time": "2022-04-03T10:03:03.277Z", "user": 1, "content_type": 13, "object_id": "18", "object_repr": "Book object (18)", "action_flag": 1, "change_message": "[{\"added\": {}}]"}}, {"model": "admin.logentry", "pk": 38, "fields": {"action_time": "2022-04-03T10:04:37.981Z", "user": 1, "content_type": 13, "object_id": "19", "object_repr": "Book object (19)", "action_flag": 1, "change_message": "[{\"added\": {}}]"}}, {"model": "admin.logentry", "pk": 39, "fields": {"action_time": "2022-04-03T10:06:50.872Z", "user": 1, "content_type": 13, "object_id": "20", "object_repr": "Book object (20)", "action_flag": 1, "change_message": "[{\"added\": {}}]"}}, {"model": "admin.logentry", "pk": 40, "fields": {"action_time": "2022-04-03T10:08:37.766Z", "user": 1, "content_type": 13, "object_id": "21", "object_repr": "Book object (21)", "action_flag": 1, "change_message": "[{\"added\": {}}]"}}, {"model": "admin.logentry", "pk": 41, "fields": {"action_time": "2022-04-04T07:49:41.316Z", "user": 1, "content_type": 13, "object_id": "19", "object_repr": "Book object (19)", "action_flag": 2, "change_message": "[]"}}, {"model": "admin.logentry", "pk": 42, "fields": {"action_time": "2022-04-04T07:52:14.347Z", "user": 1, "content_type": 46, "object_id": "6", "object_repr": "biography", "action_flag": 3, "change_message": ""}}, {"model": "admin.logentry", "pk": 43, "fields": {"action_time": "2022-04-04T07:52:14.369Z", "user": 1, "content_type": 46, "object_id": "5", "object_repr": "architecture", "action_flag": 3, "change_message": ""}}, {"model": "admin.logentry", "pk": 44, "fields": {"action_time": "2022-04-04T07:52:36.802Z", "user": 1, "content_type": 46, "object_id": "10", "object_repr": "crafts_hobbies", "action_flag": 1, "change_message": "[{\"added\": {}}]"}}, {"model": "admin.logentry", "pk": 45, "fields": {"action_time": "2022-04-04T07:52:45.516Z", "user": 1, "content_type": 46, "object_id": "11", "object_repr": "sports", "action_flag": 1, "change_message": "[{\"added\": {}}]"}}, {"model": "admin.logentry", "pk": 46, "fields": {"action_time": "2022-04-04T08:27:22.156Z", "user": 1, "content_type": 13, "object_id": "19", "object_repr": "Book object (19)", "action_flag": 2, "change_message": "[{\"changed\": {\"fields\": [\"Cover\"]}}]"}}, {"model": "admin.logentry", "pk": 47, "fields": {"action_time": "2022-04-04T08:28:08.600Z", "user": 1, "content_type": 13, "object_id": "12", "object_repr": "Book object (12)", "action_flag": 2, "change_message": "[{\"changed\": {\"fields\": [\"Cover\"]}}]"}}, {"model": "admin.logentry", "pk": 48, "fields": {"action_time": "2022-04-04T08:28:26.183Z", "user": 1, "content_type": 13, "object_id": "14", "object_repr": "Book object (14)", "action_flag": 2, "change_message": "[{\"changed\": {\"fields\": [\"Cover\"]}}]"}}, {"model": "admin.logentry", "pk": 49, "fields": {"action_time": "2022-04-04T08:28:43.810Z", "user": 1, "content_type": 13, "object_id": "16", "object_repr": "Book object (16)", "action_flag": 2, "change_message": "[{\"changed\": {\"fields\": [\"Cover\"]}}]"}}, {"model": "admin.logentry", "pk": 50, "fields": {"action_time": "2022-04-04T08:29:01.358Z", "user": 1, "content_type": 13, "object_id": "17", "object_repr": "Book object (17)", "action_flag": 2, "change_message": "[{\"changed\": {\"fields\": [\"Cover\"]}}]"}}, {"model": "admin.logentry", "pk": 51, "fields": {"action_time": "2022-04-04T08:29:22.955Z", "user": 1, "content_type": 13, "object_id": "18", "object_repr": "Book object (18)", "action_flag": 2, "change_message": "[{\"changed\": {\"fields\": [\"Cover\"]}}]"}}, {"model": "admin.logentry", "pk": 52, "fields": {"action_time": "2022-04-04T08:29:43.358Z", "user": 1, "content_type": 13, "object_id": "20", "object_repr": "Book object (20)", "action_flag": 2, "change_message": "[{\"changed\": {\"fields\": [\"Cover\"]}}]"}}, {"model": "admin.logentry", "pk": 53, "fields": {"action_time": "2022-04-04T08:29:59.221Z", "user": 1, "content_type": 13, "object_id": "21", "object_repr": "Book object (21)", "action_flag": 2, "change_message": "[{\"changed\": {\"fields\": [\"Cover\"]}}]"}}, {"model": "admin.logentry", "pk": 54, "fields": {"action_time": "2022-04-04T08:41:10.349Z", "user": 1, "content_type": 13, "object_id": "22", "object_repr": "Book object (22)", "action_flag": 1, "change_message": "[{\"added\": {}}]"}}, {"model": "admin.logentry", "pk": 55, "fields": {"action_time": "2022-04-04T08:43:14.113Z", "user": 1, "content_type": 13, "object_id": "23", "object_repr": "Book object (23)", "action_flag": 1, "change_message": "[{\"added\": {}}]"}}, {"model": "admin.logentry", "pk": 56, "fields": {"action_time": "2022-04-04T08:45:52.249Z", "user": 1, "content_type": 13, "object_id": "24", "object_repr": "Book object (24)", "action_flag": 1, "change_message": "[{\"added\": {}}]"}}, {"model": "admin.logentry", "pk": 57, "fields": {"action_time": "2022-04-04T08:48:34.669Z", "user": 1, "content_type": 13, "object_id": "25", "object_repr": "Book object (25)", "action_flag": 1, "change_message": "[{\"added\": {}}]"}}, {"model": "admin.logentry", "pk": 58, "fields": {"action_time": "2022-04-04T08:51:21.601Z", "user": 1, "content_type": 13, "object_id": "26", "object_repr": "Book object (26)", "action_flag": 1, "change_message": "[{\"added\": {}}]"}}, {"model": "admin.logentry", "pk": 59, "fields": {"action_time": "2022-04-04T08:54:40.234Z", "user": 1, "content_type": 13, "object_id": "27", "object_repr": "Book object (27)", "action_flag": 1, "change_message": "[{\"added\": {}}]"}}, {"model": "admin.logentry", "pk": 60, "fields": {"action_time": "2022-04-04T09:01:14.327Z", "user": 1, "content_type": 13, "object_id": "28", "object_repr": "Book object (28)", "action_flag": 1, "change_message": "[{\"added\": {}}]"}}, {"model": "admin.logentry", "pk": 61, "fields": {"action_time": "2022-04-04T09:04:34.750Z", "user": 1, "content_type": 13, "object_id": "29", "object_repr": "Book object (29)", "action_flag": 1, "change_message": "[{\"added\": {}}]"}}, {"model": "admin.logentry", "pk": 62, "fields": {"action_time": "2022-04-04T09:08:08.328Z", "user": 1, "content_type": 13, "object_id": "30", "object_repr": "Book object (30)", "action_flag": 1, "change_message": "[{\"added\": {}}]"}}, {"model": "admin.logentry", "pk": 63, "fields": {"action_time": "2022-04-04T09:11:44.934Z", "user": 1, "content_type": 13, "object_id": "31", "object_repr": "Book object (31)", "action_flag": 1, "change_message": "[{\"added\": {}}]"}}, {"model": "admin.logentry", "pk": 64, "fields": {"action_time": "2022-04-04T09:19:51.531Z", "user": 1, "content_type": 13, "object_id": "32", "object_repr": "Book object (32)", "action_flag": 1, "change_message": "[{\"added\": {}}]"}}, {"model": "admin.logentry", "pk": 65, "fields": {"action_time": "2022-04-04T09:21:33.279Z", "user": 1, "content_type": 13, "object_id": "33", "object_repr": "Book object (33)", "action_flag": 1, "change_message": "[{\"added\": {}}]"}}, {"model": "admin.logentry", "pk": 66, "fields": {"action_time": "2022-04-04T09:24:01.550Z", "user": 1, "content_type": 13, "object_id": "34", "object_repr": "Book object (34)", "action_flag": 1, "change_message": "[{\"added\": {}}]"}}, {"model": "admin.logentry", "pk": 67, "fields": {"action_time": "2022-04-04T09:27:23.535Z", "user": 1, "content_type": 13, "object_id": "35", "object_repr": "Book object (35)", "action_flag": 1, "change_message": "[{\"added\": {}}]"}}, {"model": "admin.logentry", "pk": 68, "fields": {"action_time": "2022-04-04T09:29:59.749Z", "user": 1, "content_type": 13, "object_id": "36", "object_repr": "Book object (36)", "action_flag": 1, "change_message": "[{\"added\": {}}]"}}, {"model": "admin.logentry", "pk": 69, "fields": {"action_time": "2022-04-04T09:34:02.344Z", "user": 1, "content_type": 13, "object_id": "37", "object_repr": "Book object (37)", "action_flag": 1, "change_message": "[{\"added\": {}}]"}}, {"model": "admin.logentry", "pk": 70, "fields": {"action_time": "2022-04-04T09:35:55.941Z", "user": 1, "content_type": 13, "object_id": "38", "object_repr": "Book object (38)", "action_flag": 1, "change_message": "[{\"added\": {}}]"}}, {"model": "admin.logentry", "pk": 71, "fields": {"action_time": "2022-04-04T09:38:17.525Z", "user": 1, "content_type": 13, "object_id": "39", "object_repr": "Book object (39)", "action_flag": 1, "change_message": "[{\"added\": {}}]"}}, {"model": "admin.logentry", "pk": 72, "fields": {"action_time": "2022-04-04T09:40:55.834Z", "user": 1, "content_type": 13, "object_id": "40", "object_repr": "Book object (40)", "action_flag": 1, "change_message": "[{\"added\": {}}]"}}, {"model": "admin.logentry", "pk": 73, "fields": {"action_time": "2022-04-04T09:42:59.434Z", "user": 1, "content_type": 13, "object_id": "41", "object_repr": "Book object (41)", "action_flag": 1, "change_message": "[{\"added\": {}}]"}}, {"model": "admin.logentry", "pk": 74, "fields": {"action_time": "2022-04-04T09:43:23.590Z", "user": 1, "content_type": 46, "object_id": "2", "object_repr": "classic_fiction", "action_flag": 3, "change_message": ""}}, {"model": "admin.logentry", "pk": 75, "fields": {"action_time": "2022-04-04T09:44:08.552Z", "user": 1, "content_type": 13, "object_id": "37", "object_repr": "Book object (37)", "action_flag": 2, "change_message": "[{\"changed\": {\"fields\": [\"Book sub category\"]}}]"}}, {"model": "admin.logentry", "pk": 76, "fields": {"action_time": "2022-04-04T09:44:25.854Z", "user": 1, "content_type": 13, "object_id": "38", "object_repr": "Book object (38)", "action_flag": 2, "change_message": "[{\"changed\": {\"fields\": [\"Book sub category\"]}}]"}}, {"model": "admin.logentry", "pk": 77, "fields": {"action_time": "2022-04-04T09:44:44.799Z", "user": 1, "content_type": 13, "object_id": "39", "object_repr": "Book object (39)", "action_flag": 2, "change_message": "[{\"changed\": {\"fields\": [\"Book sub category\"]}}]"}}, {"model": "admin.logentry", "pk": 78, "fields": {"action_time": "2022-04-04T09:45:01.161Z", "user": 1, "content_type": 13, "object_id": "40", "object_repr": "Book object (40)", "action_flag": 2, "change_message": "[{\"changed\": {\"fields\": [\"Book sub category\"]}}]"}}, {"model": "admin.logentry", "pk": 79, "fields": {"action_time": "2022-04-04T09:45:16.193Z", "user": 1, "content_type": 13, "object_id": "41", "object_repr": "Book object (41)", "action_flag": 2, "change_message": "[{\"changed\": {\"fields\": [\"Book sub category\"]}}]"}}, {"model": "admin.logentry", "pk": 80, "fields": {"action_time": "2022-04-04T09:48:46.340Z", "user": 1, "content_type": 13, "object_id": "42", "object_repr": "Book object (42)", "action_flag": 1, "change_message": "[{\"added\": {}}]"}}, {"model": "admin.logentry", "pk": 81, "fields": {"action_time": "2022-04-04T09:50:46.710Z", "user": 1, "content_type": 13, "object_id": "43", "object_repr": "Book object (43)", "action_flag": 1, "change_message": "[{\"added\": {}}]"}}, {"model": "admin.logentry", "pk": 82, "fields": {"action_time": "2022-04-04T09:52:51.793Z", "user": 1, "content_type": 13, "object_id": "44", "object_repr": "Book object (44)", "action_flag": 1, "change_message": "[{\"added\": {}}]"}}, {"model": "admin.logentry", "pk": 83, "fields": {"action_time": "2022-04-04T09:55:35.318Z", "user": 1, "content_type": 13, "object_id": "45", "object_repr": "Book object (45)", "action_flag": 1, "change_message": "[{\"added\": {}}]"}}, {"model": "admin.logentry", "pk": 84, "fields": {"action_time": "2022-04-04T09:57:54.024Z", "user": 1, "content_type": 13, "object_id": "46", "object_repr": "Book object (46)", "action_flag": 1, "change_message": "[{\"added\": {}}]"}}, {"model": "admin.logentry", "pk": 85, "fields": {"action_time": "2022-04-04T10:00:08.223Z", "user": 1, "content_type": 13, "object_id": "47", "object_repr": "Book object (47)", "action_flag": 1, "change_message": "[{\"added\": {}}]"}}, {"model": "admin.logentry", "pk": 86, "fields": {"action_time": "2022-04-04T10:01:59.820Z", "user": 1, "content_type": 13, "object_id": "48", "object_repr": "Book object (48)", "action_flag": 1, "change_message": "[{\"added\": {}}]"}}, {"model": "admin.logentry", "pk": 87, "fields": {"action_time": "2022-04-04T10:03:56.063Z", "user": 1, "content_type": 13, "object_id": "49", "object_repr": "Book object (49)", "action_flag": 1, "change_message": "[{\"added\": {}}]"}}, {"model": "admin.logentry", "pk": 88, "fields": {"action_time": "2022-04-04T10:05:46.748Z", "user": 1, "content_type": 13, "object_id": "50", "object_repr": "Book object (50)", "action_flag": 1, "change_message": "[{\"added\": {}}]"}}, {"model": "admin.logentry", "pk": 89, "fields": {"action_time": "2022-04-04T10:07:29.972Z", "user": 1, "content_type": 13, "object_id": "51", "object_repr": "Book object (51)", "action_flag": 1, "change_message": "[{\"added\": {}}]"}}, {"model": "auth.user", "pk": 1, "fields": {"password": "pbkdf2_sha256$260000$97aZDaZC222PgvmcNIrdAA$EEnN9LXM7NTwEzdZL038FLYrllu/Lgk82mvFtPLenlM=", "last_login": "2022-04-04T08:24:58.409Z", "is_superuser": true, "username": "favbooks-v3", "first_name": "", "last_name": "", "email": "ana.genover@gmail.com", "is_staff": true, "is_active": true, "date_joined": "2022-03-18T15:05:42Z", "groups": [], "user_permissions": []}}, {"model": "sessions.session", "pk": "4ki2t75olj00wzs5wh2n234kldi3vs6g", "fields": {"session_data": ".eJxVjU0OgyAQhe_CujEICOKuXoQMwxhJDTaCSZumdy82LtrZvZ_53os52Mvs9kybi4ENrGWXX88D3igdASzLYTeAuO6pNN_OGefmWhWlEhFKXNN4fv2hZshz5ShrhG0FqamelrrVGKbe2g6Ml75TveLkFbcqSATbISpBXBhhJPZSB3FAM-VcZxw97nF7soG_P6MMQwg:1nYrJS:cqQiDfctZoaFGSj5MuZT56B0SY-KzI8x8auk9bKv_Bk", "expire_date": "2022-04-11T15:29:46.845Z"}}, {"model": "sessions.session", "pk": "4uqjdeh3ryjyllw6jgndhqmq9cqphmp1", "fields": {"session_data": ".eJxVjU0OgyAQhe_CujEICOKuXoQMwxhJDTaCSZumdy82LtrZvZ_53os52Mvs9kybi4ENrGWXX88D3igdASzLYTeAuO6pNN_OGefmWhWlEhFKXNN4fv2hZshz5ShrhG0FqamelrrVGKbe2g6Ml75TveLkFbcqSATbISpBXBhhJPZSB3FAM-VcZxw97nF7soG_P6MMQwg:1naChJ:rR1b4WATvIXCG2qH8TnL62OXnc2vchNVPAwZHY2RYg0", "expire_date": "2022-04-15T08:31:57.901Z"}}, {"model": "sessions.session", "pk": "me9nqyi7yjgs5m77apzmwbgfust2iz8s", "fields": {"session_data": ".eJxVjMEOwiAQRP-Fs2koLND1pj9CloUGYkMTCyfjv9uaHnRuM29mXsJTb9n3LT19ieIqRnH5zQLxI9UD0LIc8UDMa69t-HZOvA233aXaClMra72fq7-rTFvefwCdwlElmHdZbUfLcZ4QDbmgg4EJZAogEaJmQsMMKknllNM8aRuVeH8ArNo7yw:1nbI1C:Nig0P4QPoTe8QTjdxHels4XXcmnZUiGYLLYOfb9FWWg", "expire_date": "2022-04-18T08:24:58.432Z"}}, {"model": "sites.site", "pk": 1, "fields": {"domain": "favbooks-v3-herokuapp.com", "name": "favbooks-v3-herokuapp.com"}}, {"model": "account.emailaddress", "pk": 1, "fields": {"user": 1, "email": "ana.genover@gmail.com", "verified": true, "primary": true}}, {"model": "books.category", "pk": 1, "fields": {"book_category": "fiction", "book_friendly_category": "Fiction"}}, {"model": "books.category", "pk": 2, "fields": {"book_category": "non_fiction", "book_friendly_category": "Non Fiction"}}, {"model": "books.category", "pk": 3, "fields": {"book_category": "children", "book_friendly_category": "Children"}}, {"model": "books.sub_category", "pk": 1, "fields": {"book_sub_category": "general_fiction", "book_friendly_sub_category": "General Fiction"}}, {"model": "books.sub_category", "pk": 3, "fields": {"book_sub_category": "crime_thrillers", "book_friendly_sub_category": "Crime & Thrillers"}}, {"model": "books.sub_category", "pk": 4, "fields": {"book_sub_category": "science_fiction", "book_friendly_sub_category": "Science Fiction"}}, {"model": "books.sub_category", "pk": 7, "fields": {"book_sub_category": "food_drink", "book_friendly_sub_category": "Food & Drink"}}, {"model": "books.sub_category", "pk": 8, "fields": {"book_sub_category": "baby_toddler", "book_friendly_sub_category": "Baby & Toddler"}}, {"model": "books.sub_category", "pk": 9, "fields": {"book_sub_category": "teen_young_age", "book_friendly_sub_category": "Teen & Young Age"}}, {"model": "books.sub_category", "pk": 10, "fields": {"book_sub_category": "crafts_hobbies", "book_friendly_sub_category": "Crafts & Hobbies"}}, {"model": "books.sub_category", "pk": 11, "fields": {"book_sub_category": "sports", "book_friendly_sub_category": "Sports"}}, {"model": "books.type", "pk": 1, "fields": {"book_type": "hard_cover", "book_friendly_type": "Hardcover"}}, {"model": "books.type", "pk": 2, "fields": {"book_type": "paper_back", "book_friendly_type": "Paperback"}}, {"model": "books.type", "pk": 3, "fields": {"book_type": "electronic", "book_friendly_type": "Electronic"}}, {"model": "books.book", "pk": 2, "fields": {"book_category": 3, "book_sub_category": 8, "book_type1": 1, "book_type2": 2, "book_type3": 3, "sku": "chi0002", "title": "All the boys that I loved before", "author": "Jenny Han", "synopsis": "Lara Jean Covey is a teenage girl who writes love letters when she gets a crush too big to handle but she never actually sends them. One day her deepest secrets are revealed and she creates and elaborate plan to save herself from being too embarrassed but it all goes pear shaped when it turns into more than fake.", "price_hardcover": "12.99", "price_paperback": "9.99", "price_electronic": "4.99", "rating": "5.00", "cover_url": "https://d1w7fb2mkkr3kw.cloudfront.net/assets/images/book/mid/9781/4071/9781407149073.jpg", "cover": "all-the-boys-ive-loved-before.jpg"}}, {"model": "books.book", "pk": 3, "fields": {"book_category": 3, "book_sub_category": 9, "book_type1": 1, "book_type2": 2, "book_type3": 3, "sku": "chi0001", "title": "Billionaire Boy", "author": "David Walliams", "synopsis": "Billionaire Boy is a children's fiction book written by David Walliams and illustrated by Tony Ross. It was published on 28 October 2010 by HarperCollins. The story follows Joe Spud, who is the richest boy in the country and has everything he could ever want, other than a friend.", "price_hardcover": "13.99", "price_paperback": "10.99", "price_electronic": "4.99", "rating": "3.00", "cover_url": "https://d1w7fb2mkkr3kw.cloudfront.net/assets/images/book/mid/9780/0073/9780007371082.jpg", "cover": "billionaire-boy.jpg"}}, {"model": "books.book", "pk": 4, "fields": {"book_category": 3, "book_sub_category": 9, "book_type1": 1, "book_type2": 2, "book_type3": 3, "sku": "chi0003", "title": "Brain Games for Clever Kids", "author": "Gareth Moore", "synopsis": "Brain Games for Clever Kids (R) is a fantastic bestselling puzzle book, brimming with memory, word and number workouts for the cleverest of kids! Including battleships and mind-bending spot the differences to Japanese puzzles including hanjie, kakuro, futoshiki, sudoku and lots more. Let the brain games begin!", "price_hardcover": "9.99", "price_paperback": "7.99", "price_electronic": "4.99", "rating": "4.50", "cover_url": "https://d1w7fb2mkkr3kw.cloudfront.net/assets/images/book/mid/9781/7805/9781780552491.jpg", "cover": "brain-games-clever-kids.jpg"}}, {"model": "books.book", "pk": 5, "fields": {"book_category": 3, "book_sub_category": 9, "book_type1": 1, "book_type2": 2, "book_type3": 3, "sku": "chi0004", "title": "Diary of a Wimpy Kid", "author": "Jeff Kinney", "synopsis": "Diary of a Wimpy Kid is an American fiction book series and media franchise created by author and cartoonist Jeff Kinney. The series follows Greg Heffley, a middle-schooler who illustrates his daily life in a diary. Kinney spent eight years working on the book before showing it to a publisher.", "price_hardcover": "10.99", "price_paperback": "8.99", "price_electronic": "4.99", "rating": "4.70", "cover_url": "https://d1w7fb2mkkr3kw.cloudfront.net/assets/images/book/mid/9780/1413/9780141324906.jpg", "cover": "diary-of-a-wimpy-kid.jpg"}}, {"model": "books.book", "pk": 6, "fields": {"book_category": 3, "book_sub_category": 9, "book_type1": 1, "book_type2": 2, "book_type3": 3, "sku": "chi0005", "title": "Fangirl", "author": "Rainbow Rowell", "synopsis": "Fangirl is a story of two twin sisters, Wren and Cath, who have grown up without a mother and with a very busy father. Cath is an introvert and very happy to live in her own internet and book world. She admires and loves her sister, who also plays the role of her best friend.", "price_hardcover": "13.99", "price_paperback": "10.99", "price_electronic": "5.99", "rating": "3.70", "cover_url": "https://d1w7fb2mkkr3kw.cloudfront.net/assets/images/book/mid/9781/4472/9781447263227.jpg", "cover": "fangirl.jpg"}}, {"model": "books.book", "pk": 7, "fields": {"book_category": 3, "book_sub_category": 9, "book_type1": 1, "book_type2": 2, "book_type3": 3, "sku": "chi0006", "title": "Fantastic Beasts and Where to Find Them", "author": "J. K. Rowling", "synopsis": "Fantastic Beasts, a fictional novel by J.K. Rowling, follows a magical young man named Newt on a journey to find his beasts that escaped. Newt Scamander is a wizard unlike any other, he uses not only his powers but the powers of his magical animals. In Fantastic Beasts Newt has lost some of his creatures and needs to find them before they wreak havoc among the regular people’s lives and more importantly before the truth about wizards being real is revealed to everyone. Newt meets lots of strange people almost as fascinating as his beasts and even befriends a person named Jacob on his journey.", "price_hardcover": "14.99", "price_paperback": "12.99", "price_electronic": "7.99", "rating": "5.00", "cover_url": "https://d1w7fb2mkkr3kw.cloudfront.net/assets/images/book/mid/9781/4087/9781408708989.jpg", "cover": "fantastic-beasts.jpg"}}, {"model": "books.book", "pk": 8, "fields": {"book_category": 3, "book_sub_category": 9, "book_type1": 1, "book_type2": 2, "book_type3": 3, "sku": "chi0007", "title": "Gangsta Granny", "author": "David Walliams", "synopsis": "A young bored boy and his grandma decide to join hands and steal the crown jewels, after discovering that she used to be a jewel thief. Whilst his parents Linda and Mike spend every weekend ballroom dancing 11 year old Ben goes to stay with his granny, whom he initially finds boring.", "price_hardcover": "11.99", "price_paperback": "8.99", "price_electronic": "4.99", "rating": "4.10", "cover_url": "https://d1w7fb2mkkr3kw.cloudfront.net/assets/images/book/mid/9780/0073/9780007371464.jpg", "cover": "gangsta-granny.jpg"}}, {"model": "books.book", "pk": 9, "fields": {"book_category": 3, "book_sub_category": 9, "book_type1": 1, "book_type2": 2, "book_type3": 3, "sku": "chi0008", "title": "Fantastically Great Women Who Changed The World", "author": "Kate Pankhurst", "synopsis": "Written and illustrated by a direct descendant of suffragette Emmeline Pankhurst, this colourful picture book is full of facts about 13 inspirational women from history. It showcases some of their great achievements in a fun and accessible way for younger readers.", "price_hardcover": "15.99", "price_paperback": "12.99", "price_electronic": "4.99", "rating": "5.00", "cover_url": "https://d1w7fb2mkkr3kw.cloudfront.net/assets/images/book/mid/9781/4088/9781408876985.jpg", "cover": "great-women-who-changed-the-world.jpg"}}, {"model": "books.book", "pk": 10, "fields": {"book_category": 3, "book_sub_category": 9, "book_type1": 1, "book_type2": 2, "book_type3": 3, "sku": "chi0009", "title": "Harry Potter and the Chamber of Secrets", "author": "J. K. Rowling", "synopsis": "The second instalment of boy wizard Harry Potter's adventures at Hogwarts School of Witchcraft and Wizardry, based on the novel by JK Rowling. A mysterious elf tells Harry to expect trouble during his second year at Hogwarts, but nothing can prepare him for trees that fight back, flying cars, spiders that talk and deadly warnings written in blood on the walls of the school.", "price_hardcover": "16.99", "price_paperback": "12.99", "price_electronic": "7.99", "rating": "4.80", "cover_url": "https://d1w7fb2mkkr3kw.cloudfront.net/assets/images/book/mid/9781/4088/9781408845653.jpg", "cover": "harry-potter-chamber-of-secrets.jpg"}}, {"model": "books.book", "pk": 11, "fields": {"book_category": 3, "book_sub_category": 9, "book_type1": 1, "book_type2": 2, "book_type3": 3, "sku": "chi0010", "title": "Harry Potter and the Philosopher's Stone", "author": "J. K. Rowling", "synopsis": "Harry Potter lives with his abusive aunt and uncle, Vernon and Petunia Dursley and their bullying son, Dudley. On Harry's eleventh birthday, a half-giant named Rubeus Hagrid personally delivers an acceptance letter to Hogwarts School of Witchcraft and Wizardry, revealing that Harry's parents, James and Lily Potter, were wizards. When Harry was one year old, an evil and powerful dark wizard, Lord Voldemort, murdered his parents. Harry survived Voldemort's killing curse that rebounded off his forehead and seemingly destroyed the Dark Lord, leaving a lightning bolt-shaped scar on his forehead. Unknown to Harry, he is famous in the wizarding world.", "price_hardcover": "16.99", "price_paperback": "12.99", "price_electronic": "5.99", "rating": "5.00", "cover_url": "https://d1w7fb2mkkr3kw.cloudfront.net/assets/images/book/mid/9781/4088/9781408845646.jpg", "cover": "harry-potter-philisophers-stone.jpg"}}, {"model": "books.book", "pk": 12, "fields": {"book_category": 3, "book_sub_category": 8, "book_type1": 1, "book_type2": 2, "book_type3": 3, "sku": "chi0011", "title": "The Day the Crayons Quit", "author": "Drew Daywalt", "synopsis": "“The Day Crayons Quit” is a children's book about a little boy named Duncan and his box of crayons, which one day decide to go on strike because they are not satisfied with how they are used. Duncan tries to find a way to solve this problem, in order to keep his crayons happy and be able to paint again.", "price_hardcover": "9.99", "price_paperback": "7.99", "price_electronic": "3.99", "rating": "3.90", "cover_url": "https://d1w7fb2mkkr3kw.cloudfront.net/assets/images/book/mid/9780/0075/9780007513765.jpg", "cover": "crayons-quit.jpg"}}, {"model": "books.book", "pk": 13, "fields": {"book_category": 3, "book_sub_category": 8, "book_type1": 1, "book_type2": 2, "book_type3": 3, "sku": "chi0012", "title": "Dear Zoo", "author": "Rod Campbell", "synopsis": "Rod Campbell's lift-the-flap book, Dear Zoo, combines a young child's love of zoo animals and playing hide and seek. This winning combination has made it a family favourite for over three decades. In Dear Zoo a child writes a letter to the zoo asking them to send them a pet.", "price_hardcover": "12.50", "price_paperback": "8.50", "price_electronic": "4.50", "rating": "4.50", "cover_url": "https://d1w7fb2mkkr3kw.cloudfront.net/assets/images/book/mid/9780/2307/9780230747722.jpg", "cover": "dear-zoo.jpg"}}, {"model": "books.book", "pk": 14, "fields": {"book_category": 3, "book_sub_category": 8, "book_type1": 1, "book_type2": 2, "book_type3": 3, "sku": "chi0013", "title": "Giraffes Can't Dance", "author": "Giles Andreae", "synopsis": "Giraffes Can't Dance is a touching tale of Gerald the giraffe, who wants nothing more than to dance. With crooked knees and thin legs, it's harder for a giraffe than you would think. Gerald is finally able to dance to his own tune when he gets some encouraging words from an unlikely friend.", "price_hardcover": "13.50", "price_paperback": "9.50", "price_electronic": "4.99", "rating": "4.00", "cover_url": "https://d1w7fb2mkkr3kw.cloudfront.net/assets/images/book/mid/9780/5453/9780545392556.jpg", "cover": "giraffes-cant-dance.jpg"}}, {"model": "books.book", "pk": 15, "fields": {"book_category": 3, "book_sub_category": 8, "book_type1": 1, "book_type2": 2, "book_type3": 3, "sku": "chi0014", "title": "The Very Hungry Caterpillar", "author": "Eric Carle", "synopsis": "The Very Hungry Caterpillar is a story about a small caterpillar who emerges from an egg and begins eating everything in sight. After six days of eating fruits, sweets, and “junk” food, he gets a stomach ache. On the seventh day, the caterpillar eats a “nice leaf” and feels much better.", "price_hardcover": "16.99", "price_paperback": "12.99", "price_electronic": "4.99", "rating": "5.00", "cover_url": "https://d1w7fb2mkkr3kw.cloudfront.net/assets/images/book/mid/9780/1413/9780141338484.jpg", "cover": "hungry-caterpillar.jpg"}}, {"model": "books.book", "pk": 16, "fields": {"book_category": 3, "book_sub_category": 8, "book_type1": 1, "book_type2": 2, "book_type3": 3, "sku": "chi0015", "title": "Look Inside Your Body", "author": "Louie Stowell", "synopsis": "From brains and blood to senses and skin – children will love exploring the ins-and-outs of the human body with this fantastic interactive book. Young readers' minds will boggle as they learn about how their brains work, what happens when they eat, how their lungs use oxygen and much more.", "price_hardcover": "14.50", "price_paperback": "11.50", "price_electronic": "4.50", "rating": "4.30", "cover_url": "https://d1w7fb2mkkr3kw.cloudfront.net/assets/images/book/mid/9781/4095/9781409549475.jpg", "cover": "look-inside-body.jpg"}}, {"model": "books.book", "pk": 17, "fields": {"book_category": 3, "book_sub_category": 8, "book_type1": 1, "book_type2": 2, "book_type3": 3, "sku": "chi0016", "title": "Room on the Broom", "author": "Julia Donaldson", "synopsis": "Based on Julia Donaldson's picture book, telling the story of a kind witch who invites a collection of animals to join her on her broom, though her cat thinks it will get too crowded. Her new friends make themselves useful, however, when the witch is threatened by a fearsome dragon.", "price_hardcover": "13.50", "price_paperback": "9.50", "price_electronic": "4.50", "rating": "3.90", "cover_url": "https://d1w7fb2mkkr3kw.cloudfront.net/assets/images/book/mid/9780/1425/9780142501122.jpg", "cover": "room-and-broom.jpg"}}, {"model": "books.book", "pk": 18, "fields": {"book_category": 3, "book_sub_category": 8, "book_type1": 1, "book_type2": 2, "book_type3": 3, "sku": "chi0017", "title": "The Gruffalo", "author": "Julia Donaldson", "synopsis": "A rhyming story about a clever little mouse and a monster. When mouse goes for a walk in a dangerous forest, he invents tales of a fantastic creature called a Gruffalo to scare off his enemies. Imagine his surprise when he meets a real Gruffalo!", "price_hardcover": "14.50", "price_paperback": "10.50", "price_electronic": "4.50", "rating": "5.00", "cover_url": "https://d1w7fb2mkkr3kw.cloudfront.net/assets/images/book/mid/9781/5098/9781509804757.jpg", "cover": "gruffalo.jpg"}}, {"model": "books.book", "pk": 19, "fields": {"book_category": 3, "book_sub_category": 8, "book_type1": 1, "book_type2": 2, "book_type3": 3, "sku": "chi0018", "title": "The Snail and the Whale", "author": "Julia Donaldson", "synopsis": "One tiny snail longs to see the world and hitches a lift on the tail of a whale. Together they go on an amazing journey, past icebergs and volcanoes, sharks and penguins, and the little snail feels so small in the vastness of the world.", "price_hardcover": "13.50", "price_paperback": "10.50", "price_electronic": "4.99", "rating": "3.40", "cover_url": "https://d1w7fb2mkkr3kw.cloudfront.net/assets/images/book/mid/9780/1424/9780142405802.jpg", "cover": "snail-and-whale.jpg"}}, {"model": "books.book", "pk": 20, "fields": {"book_category": 3, "book_sub_category": 8, "book_type1": 1, "book_type2": 2, "book_type3": 3, "sku": "chi0019", "title": "Where Is the Green Sheep?", "author": "Judy Horacek", "synopsis": "Where Is the Green Sheep? is a children's picture book by Mem Fox and Judy Horacek. It is about various coloured sheep doing various things, with the protagonist, the green sheep, not being seen until the final pages.", "price_hardcover": "12.99", "price_paperback": "8.99", "price_electronic": "4.99", "rating": "4.60", "cover_url": "https://d1w7fb2mkkr3kw.cloudfront.net/assets/images/book/mid/9780/1520/9780152067045.jpg", "cover": "where-is-green-sheep.jpg"}}, {"model": "books.book", "pk": 21, "fields": {"book_category": 3, "book_sub_category": 8, "book_type1": 1, "book_type2": 2, "book_type3": 3, "sku": "chi0020", "title": "The Wonky Donkey", "author": "Craig Smith", "synopsis": "In this very funny, cumulative song, each page tells us something new about the donkey until we end up with a spunky, hanky-panky cranky stinky dinky lanky honky-tonky winky wonky donkey, which will have children in fits of laughter!", "price_hardcover": "12.99", "price_paperback": "8.99", "price_electronic": "4.99", "rating": "4.10", "cover_url": "https://d1w7fb2mkkr3kw.cloudfront.net/assets/images/book/mid/9780/5452/9780545261241.jpg", "cover": "wonky-donkey.jpg"}}, {"model": "books.book", "pk": 22, "fields": {"book_category": 2, "book_sub_category": 10, "book_type1": 1, "book_type2": 2, "book_type3": null, "sku": "nonfic0001", "title": "52 Things to Do While You Poo", "author": "Hugh Jassburn", "synopsis": "The average person spends three years of their life on the toilet – and when you have nothing to do but poo, perching on the porcelain can be very boring. But fear not! Thanks to this book, you can say goodbye to this everyday tedium.\r\n\r\nWorld-renowned excretion expert Hugh Jassburn has compiled a compendium of entertaining activities and informative fun that will make you want to stay put, even if you don’t need to go. Try your hand at word searches and fiendish hidden-picture games, or test yourself with maze puzzles and brain-twisters. You can also enjoy a roll-call of mind-blowing lavatory facts you never knew you needed until now.\r\n\r\nSo, pick up this book and start to make the most of your time on the toilet, because working your brain and your butt simultaneously has never been easier or more enjoyable. Doing a number two will never be the same again.", "price_hardcover": "15.99", "price_paperback": "11.99", "price_electronic": "0.00", "rating": "4.60", "cover_url": "https://d1w7fb2mkkr3kw.cloudfront.net/assets/images/book/mid/9781/8495/9781849534970.jpg", "cover": "52-things-to-do.jpg"}}, {"model": "books.book", "pk": 23, "fields": {"book_category": 2, "book_sub_category": 10, "book_type1": 1, "book_type2": 2, "book_type3": null, "sku": "nonfic0002", "title": "100 Flowers to Knit & Crochet", "author": "Lesley Stanfield", "synopsis": "100 Flowers to Knit & Crochet showcases a lush bouquet of blossoms perfect for embellishing your favorite clothing or accessories. As a finishing touch for all your handmade garments or a great pick-me-up for a vintage find, these lovely blooms are the perfect way to use up scraps of yarn or try out interesting new yarns.\r\nBreeze through this gorgeous collection featuring a colorful palette of simple spiraling roses, saucer-sized poppies, delicate lilacs, an assortment of vegetables, and more. All are shown full-size and in scale and is complete with stitched leaves and embroidered stems. Each flower pattern has full instructions, yarn requirements, and a suggested skill level. An additional section serves as a refresher course with basic techniques and provides inspiration for embellishing your finished flowers with beads, buttons, and sequins. You can also learn how to use the flowers in a range of fun projects, from customizing clothing and accessories, to decorating gift-wrapped packages.\r\nThis book will inspire all knitters and crocheters to pick up their needles and start creating their own beautiful blooms.", "price_hardcover": "15.99", "price_paperback": "12.99", "price_electronic": "0.00", "rating": "3.20", "cover_url": "https://d1w7fb2mkkr3kw.cloudfront.net/assets/images/book/mid/9781/8444/9781844484034.jpg", "cover": "100-flowers.jpg"}}, {"model": "books.book", "pk": 24, "fields": {"book_category": 2, "book_sub_category": 10, "book_type1": 1, "book_type2": 2, "book_type3": null, "sku": "nonfic0003", "title": "Animorphia", "author": "Kerby Rosanes", "synopsis": "There are pictures to colour in, drawings to complete, spaces to scribble in and lots of things to find in these super-detailed doodles by artist Kerby Rosanes. Featuring unique and intricate ink drawings of incredible animals, shape-shifting aliens and breathtaking scenes. Readers will have to keep their eyes peeled for hidden treasures and creatures scattered throughout the pages.", "price_hardcover": "18.99", "price_paperback": "14.99", "price_electronic": "0.00", "rating": "2.50", "cover_url": "https://d1w7fb2mkkr3kw.cloudfront.net/assets/images/book/mid/9781/9105/9781910552070.jpg", "cover": "animorpgia.jpg"}}, {"model": "books.book", "pk": 25, "fields": {"book_category": 2, "book_sub_category": 10, "book_type1": 1, "book_type2": 2, "book_type3": null, "sku": "nonfic0004", "title": "How to Draw Almost Everything", "author": "Chika Miyata", "synopsis": "Not sure how to start your drawing of a flamingo or a flying squirrel? Businessman? Bat? Baobab tree? How to Draw Almost Everything is here to help!\r\n\r\nWith over 2,000 images, this visual reference book offers instructions for drawing animals, people, plants, food, everyday objects, buildings, vehicles, clothing, and more. The section on people gives simple tricks for showing emotion (angry, surprised) and action (skipping, doing a handstand). There's also a section on clothing that shows how to draw coats and jackets, shoes and boots, bell-bottoms and skinny jeans. From tricycles to tanker trucks, the book gives tips on drawing all kinds of moving vehicles.\r\n\r\nAt then end of each chapter, author and artist Chika Miyata challenges you to synthesize what you've learned and create a scene. At the end of the chapter on animals, the challenge is to draw a zoo. At the end of the chapter on food, the challenge is to keep an illustrated food journal.\r\n\r\nEach entry is broken down with step-by-step illustrations, making this book perfect for beginners or experienced artists in need of a quick refresher and a great resource for those who want to express themselves through illustration or cartooning.", "price_hardcover": "19.50", "price_paperback": "13.50", "price_electronic": "0.00", "rating": "3.90", "cover_url": "https://d1w7fb2mkkr3kw.cloudfront.net/assets/images/book/mid/9781/6315/9781631591402.jpg", "cover": "how-to-draw-anything.jpg"}}, {"model": "books.book", "pk": 26, "fields": {"book_category": 2, "book_sub_category": 10, "book_type1": 1, "book_type2": 2, "book_type3": null, "sku": "nonfic0005", "title": "The Mindfulness Colouring Book", "author": "Emma Farrarons", "synopsis": "This beautifully illustrated colouring book is filled with templates of exquisite scenes and intricate, sophisticated patterns, prompting you to meditate on your artwork as you mindfully fill these pages with colour. Take a few minutes out of your day - wherever you are - and colour your way to peace and calm.", "price_hardcover": "14.99", "price_paperback": "9.99", "price_electronic": "0.00", "rating": "5.00", "cover_url": "https://d1w7fb2mkkr3kw.cloudfront.net/assets/images/book/mid/9780/7522/9780752265629.jpg", "cover": "mindfulness-coloring-book.jpg"}}, {"model": "books.book", "pk": 27, "fields": {"book_category": 2, "book_sub_category": 7, "book_type1": 1, "book_type2": 2, "book_type3": 3, "sku": "nonfic0006", "title": "5 Ingredients - Quick & Easy Food", "author": "Jamie Oliver", "synopsis": "Cooking doesn't have to be complicated - that's why Jamie's 5 Ingredients - Quick & Easy Food is sure to become your new best friend in the kitchen.\r\n\r\nIt's all about making the journey to good food very, very simple. Every recipe uses just five key ingredients, ensuring you can get a meal together fast, whether it's finished and on the table in a flash, or after minimal hands-on prep, you've let the oven do the hard work for you. It’s about spending a little time to deliver a lot of flavour.\r\n\r\nEach recipe has been tried and tested (and tested again!) to ensure the book is packed with no-fuss, budget-friendly dishes that you can rustle up, any day of the week.\r\n\r\nWith over 130 recipes, and chapters on Chicken, Beef, Pork, Lamb, Fish, Eggs, Veg, Salads, Pasta, Rice & Noodles and Sweet Things, there's plenty of quick and easy recipe inspiration to choose from.", "price_hardcover": "17.50", "price_paperback": "14.50", "price_electronic": "7.50", "rating": "4.60", "cover_url": "https://d1w7fb2mkkr3kw.cloudfront.net/assets/images/book/mid/9780/7181/9780718187729.jpg", "cover": "5-ingredients.jpg"}}, {"model": "books.book", "pk": 28, "fields": {"book_category": 2, "book_sub_category": 7, "book_type1": 1, "book_type2": 2, "book_type3": 3, "sku": "nonfic0007", "title": "The Little Book of Hygge", "author": "Meik Wiking", "synopsis": "Denmark is often said to be the happiest country in the world. That's down to one thing: hygge.\r\n\r\n'Hygge has been translated as everything from the art of creating intimacy to cosiness of the soul to taking pleasure from the presence of soothing things. My personal favourite is cocoa by candlelight...'\r\n\r\nYou know hygge when you feel it. It is when you are cuddled up on a sofa with a loved one, or sharing comfort food with your closest friends. It is those crisp blue mornings when the light through your window is just right.\r\n\r\nWho better than Meik Wiking to be your guide to all things hygge? Meik is CEO of the Happiness Research Institute in Copenhagen and has spent years studying the magic of Danish life. In this beautiful, inspiring book he will help you be more hygge: from picking the right lighting and planning a dinner party through to creating an emergency hygge kit and even how to dress.\r\n\r\nMeik Wiking is the CEO of the Happiness Research Institute in Copenhagen. He is committed to finding out what makes people happy and has concluded that hygge is the magic ingredient that makes Danes the happiest nation in the world.", "price_hardcover": "15.99", "price_paperback": "13.99", "price_electronic": "7.99", "rating": "5.00", "cover_url": "https://d1w7fb2mkkr3kw.cloudfront.net/assets/images/book/mid/9780/2412/9780241283912.jpg", "cover": "hygge.jpg"}}, {"model": "books.book", "pk": 29, "fields": {"book_category": 2, "book_sub_category": 7, "book_type1": 1, "book_type2": 2, "book_type3": 3, "sku": "nonfic0008", "title": "Medical Medium Life-Changing Foods", "author": "Anthony William", "synopsis": "over 50 foods fruits, vegetables, herbs and spices, and wild foods explaining each foods properties, the symptoms and conditions it can help relieve or heal, and the emotional and spiritual benefits it brings. I also arm you with the truth about some of the most misunderstood topics in health: fertility; inflammation and autoimmune disorders; the brain-gut connection; foods, fads, and trends that can harm our well-being; how angels play a role in our survival, and much more. This is new information I am bringing to you for the first time. Find out more!", "price_hardcover": "20.50", "price_paperback": "14.99", "price_electronic": "7.99", "rating": "2.70", "cover_url": "https://d1w7fb2mkkr3kw.cloudfront.net/assets/images/book/mid/9781/4019/9781401948320.jpg", "cover": "life-changing-foods.jpg"}}, {"model": "books.book", "pk": 30, "fields": {"book_category": 2, "book_sub_category": 7, "book_type1": 1, "book_type2": 2, "book_type3": 3, "sku": "nonfic0009", "title": "Plenty More", "author": "Yotam Ottolenghi", "synopsis": "Vegetables have moved from the side dish to the main plate, grains celebrated with colour and flair. It's a revolution that is bold, inspiring and ever-expanding.\r\n\r\nYotam Ottolenghi's Plenty changed the way people cook and eat. Its focus on vegetable dishes, with the emphasis on flavour, original spicing and freshness of ingredients, caused a revolution not just in this country, but the world over.\r\n\r\nPlenty More picks up where Plenty left off, with 150 more dazzling vegetable-based dishes, this time organised by cooking method. Grilled, baked, simmered, cracked, braised or raw, the range of recipe ideas is stunning. With recipes including Alphonso mango and curried chickpea salad, Membrillo and stilton quiche, Buttermilk-crusted okra, Lentils, radicchio and walnuts with manuka honey, Seaweed, ginger and carrot salad, and even desserts such as Baked rhubarb with sweet labneh and Quince poached in pomegranate juice, this is the cookbook that everyone has been waiting for.", "price_hardcover": "27.00", "price_paperback": "20.00", "price_electronic": "13.00", "rating": "5.00", "cover_url": "https://d1w7fb2mkkr3kw.cloudfront.net/assets/images/book/mid/9781/6077/9781607746218.jpg", "cover": "plenty-more.jpg"}}, {"model": "books.book", "pk": 31, "fields": {"book_category": 2, "book_sub_category": 7, "book_type1": 1, "book_type2": 2, "book_type3": 3, "sku": "nonfic0010", "title": "Ottolenghi SIMPLE", "author": "Yotam Ottolenghi", "synopsis": "In Ottolenghi Simple, powerhouse author and chef Yotam Ottolenghi presents 130 streamlined recipes packed with his signature Middle Eastern-inspired flavors. Each dish can be made in 30 minutes or less, with 10 or fewer ingredients, in a single pot, using pantry staples, or prepared ahead of time for brilliantly, deliciously simple meals. Brunch gets a make-over with Braised Eggs with Leeks and Za'atar; Cauliflower, Pomegranate, and Pistachio Salad refreshes the side-dish rotation; Lamb and Feta Meatballs bring ease to the weeknight table; and every sweet tooth is sure to be satisfied by the spectacular Fig and Thyme Clafoutis. With more than 130 photographs, this is elemental Ottolenghi for everyone.", "price_hardcover": "25.00", "price_paperback": "20.00", "price_electronic": "10.00", "rating": "5.00", "cover_url": "https://d1w7fb2mkkr3kw.cloudfront.net/assets/images/book/mid/9781/7850/9781785031168.jpg", "cover": "simple.jpg"}}, {"model": "books.book", "pk": 32, "fields": {"book_category": 2, "book_sub_category": 11, "book_type1": 1, "book_type2": 2, "book_type3": 3, "sku": "nonfic0011", "title": "Born to Run", "author": "Christopher McDougall", "synopsis": "Born to Run is a true story about the author's adventures into the highly secluded Mexican Copper Canyons to learn about an Indian tribe of “super athletes” called the Tarahumara. The Tarahumara were legendary for their ability to run straight for days at a time, in sandals, on a primitive, vegetarian diet.", "price_hardcover": "17.00", "price_paperback": "13.00", "price_electronic": "9.00", "rating": "5.00", "cover_url": "https://d1w7fb2mkkr3kw.cloudfront.net/assets/images/book/mid/9780/3072/9780307279187.jpg", "cover": "born-to-run.jpg"}}, {"model": "books.book", "pk": 33, "fields": {"book_category": 2, "book_sub_category": 11, "book_type1": 1, "book_type2": 2, "book_type3": 3, "sku": "nonfic0012", "title": "Into Thin Air", "author": "Jon Krakauer", "synopsis": "Jon Krakauer's Into Thin Air is the true story of a 24-hour period on Everest, when members of three separate expeditions were caught in a storm and faced a battle against hurricane-force winds, exposure, and the effects of altitude, which ended in the worst single-season death toll in the peak's history.", "price_hardcover": "15.00", "price_paperback": "13.00", "price_electronic": "8.50", "rating": "2.10", "cover_url": "https://d1w7fb2mkkr3kw.cloudfront.net/assets/images/book/mid/9781/4472/9781447200185.jpg", "cover": "into-thin-air.jpg"}}, {"model": "books.book", "pk": 34, "fields": {"book_category": 2, "book_sub_category": 11, "book_type1": 1, "book_type2": 2, "book_type3": 3, "sku": "nonfic0013", "title": "Legacy", "author": "James Kerr", "synopsis": "In Legacy, best-selling author James Kerr goes deep into the heart of the world's most successful sporting team, the legendary All Blacks of New Zealand, to reveal 15 powerful and practical lessons for leadership and business.", "price_hardcover": "18.00", "price_paperback": "14.00", "price_electronic": "10.00", "rating": "3.60", "cover_url": "https://d1w7fb2mkkr3kw.cloudfront.net/assets/images/book/mid/9781/4721/9781472103536.jpg", "cover": "legacy.jpg"}}, {"model": "books.book", "pk": 35, "fields": {"book_category": 2, "book_sub_category": 11, "book_type1": 1, "book_type2": 2, "book_type3": 3, "sku": "nonfic0014", "title": "Mud, Sweat and Tears", "author": "Bear Grylls", "synopsis": "Overview. Grylls' autobiography details his life before his career as the host of Man vs. Wild, focusing on his childhood, growing up on the Isle of Wight, and other times in Grylls' early life. Mud, Sweat, and Tears was named one of the best autobiographies for children and teenagers to read by The Guardian.", "price_hardcover": "23.00", "price_paperback": "19.00", "price_electronic": "12.00", "rating": "1.20", "cover_url": "https://d1w7fb2mkkr3kw.cloudfront.net/assets/images/book/mid/9781/9050/9781905026494.jpg", "cover": "mud-sweat-tears.jpg"}}, {"model": "books.book", "pk": 36, "fields": {"book_category": 2, "book_sub_category": 11, "book_type1": 1, "book_type2": 2, "book_type3": 3, "sku": "nonfic0015", "title": "The Salt Path", "author": "Raynor Winn", "synopsis": "The Salt Path is an honest and life-affirming true story of coming to terms with grief and the healing power of the natural world. Ultimately, it is a portrayal of home, and how it can be lost, rebuilt and rediscovered in the most unexpected ways.", "price_hardcover": "19.00", "price_paperback": "15.00", "price_electronic": "8.99", "rating": "4.80", "cover_url": "https://d1w7fb2mkkr3kw.cloudfront.net/assets/images/book/mid/9780/2413/9780241349649.jpg", "cover": "salt-path.jpg"}}, {"model": "books.book", "pk": 37, "fields": {"book_category": 1, "book_sub_category": 1, "book_type1": 1, "book_type2": 2, "book_type3": 3, "sku": "fic0001", "title": "1984", "author": "George Orwell", "synopsis": "A man loses his identity while living under a repressive regime. In a story based on George Orwell's classic novel, Winston Smith is a government employee whose job involves the rewriting of history in a manner that casts his fictional country's leaders in a charitable light. His trysts with Julia provide his only measure of enjoyment, but lawmakers frown on the relationship -- and in this closely monitored society, there is no escape from Big Brother.", "price_hardcover": "17.50", "price_paperback": "13.50", "price_electronic": "8.99", "rating": "5.00", "cover_url": "https://d1w7fb2mkkr3kw.cloudfront.net/assets/images/book/mid/9780/1410/9780141036144.jpg", "cover": "1984.jpg"}}, {"model": "books.book", "pk": 38, "fields": {"book_category": 1, "book_sub_category": 1, "book_type1": 1, "book_type2": 2, "book_type3": 3, "sku": "fic0002", "title": "Animal Farm", "author": "George Orwell", "synopsis": "The book tells the story of a group of farm animals who rebel against their human farmer, hoping to create a society where the animals can be equal, free, and happy. Ultimately, the rebellion is betrayed, and the farm ends up in a state as bad as it was before, under the dictatorship of a pig named Napoleon.", "price_hardcover": "18.50", "price_paperback": "12.50", "price_electronic": "6.99", "rating": "5.00", "cover_url": "https://d1w7fb2mkkr3kw.cloudfront.net/assets/images/book/mid/9780/1410/9780141036137.jpg", "cover": "animal-farm.jpg"}}, {"model": "books.book", "pk": 39, "fields": {"book_category": 1, "book_sub_category": 1, "book_type1": 1, "book_type2": 2, "book_type3": 3, "sku": "fic0003", "title": "The Picture of Dorian Gray", "author": "Oscar Wilde", "synopsis": "When a naïve young Dorian arrives in Victorian London, he is swept into a social whirlwind by the charismatic Lord Wotton, who introduces Dorian to the pleasures of the city. Henry's friend Basil Hallward paints a portrait of Dorian to capture the full power of his youthful beauty. When the portrait is unveiled, Dorian makes a flippant pledge: he would give anything to stay as he is in the picture - even his soul.", "price_hardcover": "18.99", "price_paperback": "14.99", "price_electronic": "5.99", "rating": "3.60", "cover_url": "https://d1w7fb2mkkr3kw.cloudfront.net/assets/images/book/mid/9781/8532/9781853260155.jpg", "cover": "dorian-gray.jpg"}}, {"model": "books.book", "pk": 40, "fields": {"book_category": 1, "book_sub_category": 1, "book_type1": 1, "book_type2": 2, "book_type3": 3, "sku": "fic0004", "title": "The Girl With the Dragon Tattoo", "author": "Stieg Larsson", "synopsis": "Disgraced financial reporter Mikael Blomkvist finds a chance to redeem his honor after being hired by wealthy Swedish industrialist Henrik Vanger to solve the 40-year-old murder of Vanger's niece, Harriet. Vanger believes that Harriet was killed by a member of his own family. Eventually joining Blomkvist on his dangerous quest for the truth is Lisbeth Salander, an unusual but ingenious investigator whose fragile trust is not easily won.", "price_hardcover": "21.00", "price_paperback": "16.00", "price_electronic": "8.99", "rating": "1.20", "cover_url": "https://d1w7fb2mkkr3kw.cloudfront.net/assets/images/book/mid/9781/8491/9781849162883.jpg", "cover": "dragon-tattoo.jpg"}}, {"model": "books.book", "pk": 41, "fields": {"book_category": 1, "book_sub_category": 1, "book_type1": 1, "book_type2": 2, "book_type3": 3, "sku": "fic0005", "title": "Murder on the Orient Express", "author": "Agatha Christie", "synopsis": "A lavish trip through Europe quickly unfolds into a race against time to solve a murder aboard a train. When an avalanche stops the Orient Express dead in its tracks, the world's greatest detective -- Hercule Poirot -- arrives to interrogate all passengers and search for clues before the killer can strike again.", "price_hardcover": "18.50", "price_paperback": "13.50", "price_electronic": "8.99", "rating": "3.40", "cover_url": "https://d1w7fb2mkkr3kw.cloudfront.net/assets/images/book/mid/9780/0620/9780062073501.jpg", "cover": "murder-orient-express.jpg"}}, {"model": "books.book", "pk": 42, "fields": {"book_category": 1, "book_sub_category": 3, "book_type1": 1, "book_type2": 2, "book_type3": 3, "sku": "fic0006", "title": "Big Little Lies", "author": "Liane Moriarty", "synopsis": "From the author of Truly Madly Guilty and The Husband s Secret comes a novel about the dangerous little lies we tell ourselves just to survive.\r\n\r\nA murder...A tragic accident...Or just parents behaving badly? What’s indisputable is that someone is dead.\r\n\r\nMadeline is a force to be reckoned with. She’s funny, biting, and passionate; she remembers everything and forgives no one. Celeste is the kind of beautiful woman who makes the world stop and stare but she is paying a price for the illusion of perfection. New to town, single mom Jane is so young that another mother mistakes her for a nanny. She comes with a mysterious past and a sadness beyond her years. These three women are at different crossroads, but they will all wind up in the same shocking place.\r\n\r\nBig Little Lies is a brilliant take on ex-husbands and second wives, mothers and daughters, schoolyard scandal, and the little lies that can turn lethal.", "price_hardcover": "21.00", "price_paperback": "15.00", "price_electronic": "8.99", "rating": "1.00", "cover_url": "https://d1w7fb2mkkr3kw.cloudfront.net/assets/images/book/mid/9781/4059/9781405916363.jpg", "cover": "big-little-lies.jpg"}}, {"model": "books.book", "pk": 43, "fields": {"book_category": 1, "book_sub_category": 3, "book_type1": 1, "book_type2": 2, "book_type3": 3, "sku": "fic0007", "title": "The Dry", "author": "Jane Harper", "synopsis": "A small town hides big secrets in this atmospheric, page-turning debut mystery by award-winning author Jane Harper.\r\nIn the grip of the worst drought in a century, the farming community of Kiewarra is facing life and death choices daily when three members of a local family are found brutally slain.\r\nFederal Police investigator Aaron Falk reluctantly returns to his hometown for the funeral of his childhood friend, loath to face the townsfolk who turned their backs on him twenty years earlier.\r\nBut as questions mount, Falk is forced to probe deeper into the deaths of the Hadler family. Because Falk and Luke Hadler shared a secret. A secret Falk thought was long buried. A secret Luke's death now threatens to bring to the surface in this small Australian town, as old wounds bleed into new ones.", "price_hardcover": "18.00", "price_paperback": "14.00", "price_electronic": "8.99", "rating": "2.90", "cover_url": "https://d1w7fb2mkkr3kw.cloudfront.net/assets/images/book/mid/9780/3491/9780349142111.jpg", "cover": "dry.jpg"}}, {"model": "books.book", "pk": 44, "fields": {"book_category": 1, "book_sub_category": 3, "book_type1": 1, "book_type2": 2, "book_type3": 3, "sku": "fic0008", "title": "The Girl on the Train", "author": "Paula Hawkins", "synopsis": "Rachel catches the same commuter train every morning. She knows it will wait at the same signal each time, overlooking a row of back gardens. She’s even started to feel like she knows the people who live in one of the houses. “Jess and Jason,” she calls them. Their life—as she sees it—is perfect. If only Rachel could be that happy. And then she sees something shocking. It’s only a minute until the train moves on, but it’s enough. Now everything’s changed. Now Rachel has a chance to become a part of the lives she’s only watched from afar. Now they’ll see; she’s much more than just the girl on the train...", "price_hardcover": "16.00", "price_paperback": "11.00", "price_electronic": "4.99", "rating": "4.80", "cover_url": "https://d1w7fb2mkkr3kw.cloudfront.net/assets/images/book/mid/9780/5527/9780552779777.jpg", "cover": "girl-train.jpg"}}, {"model": "books.book", "pk": 45, "fields": {"book_category": 1, "book_sub_category": 3, "book_type1": 1, "book_type2": 2, "book_type3": 3, "sku": "fic0009", "title": "Gone Girl", "author": "Gillian Flynn", "synopsis": "Marriage can be a real killer.\r\n\r\nOn a warm summer morning in North Carthage, Missouri, it is Nick and Amy Dunne’s fifth wedding anniversary. Presents are being wrapped and reservations are being made when Nick’s clever and beautiful wife disappears from their rented McMansion on the Mississippi River. Husband-of-the-Year Nick isn’t doing himself any favors with cringe-worthy daydreams about the slope and shape of his wife’s head, but passages from Amy's diary reveal the alpha-girl perfectionist could have put anyone dangerously on edge. Under mounting pressure from the police and the media—as well as Amy’s fiercely doting parents—the town golden boy parades an endless series of lies, deceits, and inappropriate behavior. Nick is oddly evasive, and he’s definitely bitter—but is he really a killer?\r\n\r\nAs the cops close in, every couple in town is soon wondering how well they know the one that they love. With his twin sister, Margo, at his side, Nick stands by his innocence. Trouble is, if Nick didn’t do it, where is that beautiful wife? And what was in that silvery gift box hidden in the back of her bedroom closet?\r\n\r\nWith her razor-sharp writing and trademark psychological insight, Gillian Flynn delivers a fast-paced, devilishly dark, and ingeniously plotted thriller that confirms her status as one of the hottest writers around.\r\n\r\nOne of the most critically acclaimed suspense writers of our time, New York Times bestseller Gillian Flynn takes that statement to its darkest place in this unputdownable masterpiece about a marriage gone terribly, terribly wrong. The Chicago Tribune proclaimed that her work “draws you in and keeps you reading with the force of a pure but nasty addiction.” Gone Girl’s toxic mix of sharp-edged wit and deliciously chilling prose creates a nerve-fraying thriller that confounds you at every turn.", "price_hardcover": "19.00", "price_paperback": "13.00", "price_electronic": "8.99", "rating": "3.00", "cover_url": "https://d1w7fb2mkkr3kw.cloudfront.net/assets/images/book/mid/9780/7538/9780753827666.jpg", "cover": "gone-girl.jpg"}}, {"model": "books.book", "pk": 46, "fields": {"book_category": 1, "book_sub_category": 3, "book_type1": 1, "book_type2": 2, "book_type3": 3, "sku": "fic0010", "title": "The Hate U Give", "author": "Angie Thomas", "synopsis": "Sixteen-year-old Starr Carter moves between two worlds: the poor neighborhood where she lives and the fancy suburban prep school she attends. The uneasy balance between these worlds is shattered when Starr witnesses the fatal shooting of her childhood best friend Khalil at the hands of a police officer. Khalil was unarmed.\r\n\r\nSoon afterward, his death is a national headline. Some are calling him a thug, maybe even a drug dealer and a gangbanger. Protesters are taking to the streets in Khalil’s name. Some cops and the local drug lord try to intimidate Starr and her family. What everyone wants to know is: what really went down that night? And the only person alive who can answer that is Starr.\r\n\r\nBut what Starr does—or does not—say could upend her community. It could also endanger her life.\r\n\r\nInspired by the Black Lives Matter movement, this is a powerful and gripping YA novel about one girl's struggle for justice.", "price_hardcover": "16.00", "price_paperback": "12.00", "price_electronic": "6.99", "rating": "4.90", "cover_url": "https://d1w7fb2mkkr3kw.cloudfront.net/assets/images/book/mid/9781/4063/9781406372151.jpg", "cover": "hate-give.jpg"}}, {"model": "books.book", "pk": 47, "fields": {"book_category": 1, "book_sub_category": 4, "book_type1": 1, "book_type2": 2, "book_type3": 3, "sku": "fic0011", "title": "Children of Time", "author": "Adrian Tchaikovsky", "synopsis": "A race for survival among the stars... Humanity's last survivors escaped earth's ruins to find a new home. But when they find it, can their desperation overcome its dangers?\r\n\r\nWHO WILL INHERIT THIS NEW EARTH?\r\n\r\nThe last remnants of the human race left a dying Earth, desperate to find a new home among the stars. Following in the footsteps of their ancestors, they discover the greatest treasure of the past age—a world terraformed and prepared for human life.\r\n\r\nBut all is not right in this new Eden. In the long years since the planet was abandoned, the work of its architects has borne disastrous fruit. The planet is not waiting for them, pristine and unoccupied. New masters have turned it from a refuge into mankind's worst nightmare.\r\n\r\nNow two civilizations are on a collision course, both testing the boundaries of what they will do to survive. As the fate of humanity hangs in the balance, who are the true heirs of this new Earth?", "price_hardcover": "21.00", "price_paperback": "16.00", "price_electronic": "8.99", "rating": "4.20", "cover_url": "https://d1w7fb2mkkr3kw.cloudfront.net/assets/images/book/mid/9781/4472/9781447273301.jpg", "cover": "children-time.jpg"}}, {"model": "books.book", "pk": 48, "fields": {"book_category": 1, "book_sub_category": 4, "book_type1": 1, "book_type2": 2, "book_type3": 3, "sku": "fic0012", "title": "The Circle", "author": "Dave Eggers", "synopsis": "When Mae Holland is hired to work for the Circle, the world's most powerful internet company, she feels she's been given the opportunity of a lifetime. The Circle, run out of a sprawling California campus, links users' personal emails, social media, banking, and purchasing with their universal operating system, resulting in one online identity and a new age of civility and transparency. As Mae tours the open-plan office spaces, the towering glass dining facilities, the cozy dorms for those who spend nights at work, she is thrilled with the company's modernity and activity. There are parties that last through the night, there are famous musicians playing on the lawn, there are athletic activities and clubs and brunches, and even an aquarium of rare fish retrieved from the Marianas Trench by the CEO. Mae can't believe her luck, her great fortune to work for the most influential company in the world--even as life beyond the campus grows distant, even as a strange encounter with a colleague leaves her shaken, even as her role at the Circle becomes increasingly public.\r\n\r\nWhat begins as the captivating story of one woman's ambition and idealism soon becomes a heart-racing novel of suspense, raising questions about memory, history, privacy, democracy, and the limits of human knowledge.", "price_hardcover": "18.00", "price_paperback": "12.99", "price_electronic": "6.99", "rating": "3.30", "cover_url": "https://d1w7fb2mkkr3kw.cloudfront.net/assets/images/book/mid/9780/2419/9780241970379.jpg", "cover": "circle.jpg"}}, {"model": "books.book", "pk": 49, "fields": {"book_category": 1, "book_sub_category": 4, "book_type1": 1, "book_type2": 2, "book_type3": 3, "sku": "fic0013", "title": "The Dark Forest", "author": "Cixin Liu", "synopsis": "This is the second novel in \"Remembrance of Earth’s Past\", the near-future trilogy written by the China's multiple-award-winning science fiction author, Cixin Liu.\r\n\r\nIn The Dark Forest, Earth is reeling from the revelation of a coming alien invasion — four centuries in the future. The aliens' human collaborators have been defeated but the presence of the sophons, the subatomic particles that allow Trisolaris instant access to all human information, means that Earth's defense plans are exposed to the enemy. Only the human mind remains a secret.\r\n\r\nThis is the motivation for the Wallfacer Project, a daring plan that grants four men enormous resources to design secret strategies hidden through deceit and misdirection from Earth and Trisolaris alike. Three of the Wallfacers are influential statesmen and scientists but the fourth is a total unknown. Luo Ji, an unambitious Chinese astronomer and sociologist, is baffled by his new status. All he knows is that he's the one Wallfacer that Trisolaris wants dead.", "price_hardcover": "18.00", "price_paperback": "14.00", "price_electronic": "10.99", "rating": "3.60", "cover_url": "https://d1w7fb2mkkr3kw.cloudfront.net/assets/images/book/mid/9781/7849/9781784971618.jpg", "cover": "dark-forest.jpg"}}, {"model": "books.book", "pk": 50, "fields": {"book_category": 1, "book_sub_category": 4, "book_type1": 1, "book_type2": 2, "book_type3": 3, "sku": "fic0014", "title": "The Dispossessed", "author": "Ursula K. Le Guin", "synopsis": "Shevek, a brilliant physicist, decides to take action. He will seek answers, question the unquestionable, and attempt to tear down the walls of hatred that have isolated his planet of anarchists from the rest of the civilized universe. To do this dangerous task will mean giving up his family and possibly his life—Shevek must make the unprecedented journey to the utopian mother planet, Urras, to challenge the complex structures of life and living, and ignite the fires of change.", "price_hardcover": "18.00", "price_paperback": "12.00", "price_electronic": "6.99", "rating": "4.20", "cover_url": "https://d1w7fb2mkkr3kw.cloudfront.net/assets/images/book/mid/9780/0610/9780061054884.jpg", "cover": "dispossessed.jpg"}}, {"model": "books.book", "pk": 51, "fields": {"book_category": 1, "book_sub_category": 4, "book_type1": 1, "book_type2": 2, "book_type3": 3, "sku": "fic0015", "title": "The Host", "author": "Stephenie Meyer", "synopsis": "Melanie Stryder refuses to fade away. The earth has been invaded by a species that take over the minds of human hosts while leaving their bodies intact. Wanderer, the invading \"soul\" who has been given Melanie's body, didn't expect to find its former tenant refusing to relinquish possession of her mind.\r\n\r\nAs Melanie fills Wanderer's thoughts with visions of Jared, a human who still lives in hiding, Wanderer begins to yearn for a man she's never met. Reluctant allies, Wanderer and Melanie set off to search for the man they both love.", "price_hardcover": "20.50", "price_paperback": "16.50", "price_electronic": "6.99", "rating": "3.80", "cover_url": "https://d1w7fb2mkkr3kw.cloudfront.net/assets/images/book/mid/9780/3160/9780316043045.jpg", "cover": "host.jpg"}}]